{
    "MASTER": [
        229.50047302246094,
        226.1807849407196,
        236.91718983650208,
        181.6197919845581,
        248.8539559841156,
        299.1860809326172,
        231.298189163208,
        271.16233086586,
        224.7111132144928,
        202.44725584983826
    ],
    "VITSTR": [
        200.04500484466553,
        188.83551383018494,
        230.088125705719,
        154.65696358680725,
        184.14088106155396,
        205.88458633422852,
        216.61243677139282,
        204.05544090270996,
        165.41782116889954,
        143.13411688804626
    ],
    "MOBILENET": [
        145.16835141181946,
        102.72003602981567,
        107.85789227485657,
        79.78717350959778,
        110.69471335411072,
        126.69566512107849,
        127.59683918952942,
        124.06000685691833,
        103.94954752922058,
        87.62471795082092
    ],
    "CRNN": [
        63.5635142326355,
        59.057098388671875,
        63.44474220275879,
        47.97628927230835,
        62.54772734642029,
        72.99161982536316,
        73.469486951828,
        74.68592619895935,
        59.934406042099,
        51.80989742279053
    ],
    "SAR": [
        345.05372953414917,
        327.05970096588135,
        341.7767426967621,
        248.944269657135,
        348.53038787841797,
        414.0163242816925,
        407.08419013023376,
        395.8619201183319,
        321.266339302063,
        274.2246618270874
    ],
    "PARSEQ": [
        177.1483600139618,
        164.6703004837036,
        182.7319619655609,
        130.8198754787445,
        205.205424785614,
        213.7326431274414,
        215.3242838382721,
        215.29547762870789,
        173.78874564170837,
        151.3402817249298
    ]
}